1,1,"admin","/images/profile.jpg",,TRUE,,,"{\"super\":1}","{}",2013-01-01 00:00:00,
1,2,"admin","/images/profile.jpg",,TRUE,,,"{\"super\":1}","{}",2013-01-01 00:00:00,
2,2,"mattsan","/images/profile.jpg",,TRUE,,,"{\"super\":1}","{}",2013-01-01 00:00:00,
3,2,"keithsan","/images/profile.jpg",,TRUE,,,"{\"super\":1}","{}",2013-01-01 00:00:00,
4,2,"davesan","/images/profile.jpg",,TRUE,,,"{\"super\":1}","{}",2013-01-01 00:00:00,
5,2,"jessee","/images/profile.jpg",,TRUE,,,"{\"super\":1}","{}",2013-01-01 00:00:00,
6,2,"mike","/images/profile.jpg",,TRUE,,,"{\"super\":1}","{}",2013-01-01 00:00:00,
7,6,"bao","/images/profile.jpg",,TRUE,,,"{\"super\":1}","{}",2013-01-01 00:00:00,
8,2,"emkel","/images/profile.jpg",,TRUE,,,"{\"super\":1}","{}",2013-01-01 00:00:00,
1,7,"zyklon-b","/images/profile.jpg",,TRUE,,,"{\"super\":1}","{}",2013-01-01 00:00:00,
3,4,"mr.clifton","/images/profile.jpg",,TRUE,,,"{\"super\":1}","{}",2013-01-01 00:00:00,
